{
  "results": [
    {
      "command": "python3 main.py --pattern ATGA --file Sorangium_cellulosum_19lines.fasta --algorithm brutefoce",
      "mean": 0.15480793119142855,
      "stddev": 0.017875915488701086,
      "median": 0.14855454462,
      "user": 1.8977951019047616,
      "system": 0.02284408952380952,
      "min": 0.13817020762,
      "max": 0.21183925562,
      "times": [
        0.14078380662,
        0.13817020762,
        0.13941799862,
        0.15094519562,
        0.14225753862,
        0.14611415062,
        0.13906236662000002,
        0.16108443362,
        0.14715389262,
        0.15618011162,
        0.13996802862,
        0.14593879862,
        0.14855454462,
        0.14444854162,
        0.15341002462,
        0.15895265162,
        0.17395590262,
        0.21183925562,
        0.18153344962,
        0.17079759062,
        0.16039806462
      ],
      "exit_codes": [
        0,
        0,
        0,
        0,
        0,
        0,
        0,
        0,
        0,
        0,
        0,
        0,
        0,
        0,
        0,
        0,
        0,
        0,
        0,
        0,
        0
      ]
    },
    {
      "command": "python3 main.py --pattern ATGA --file Sorangium_cellulosum_19lines.fasta --algorithm aho-corasick",
      "mean": 0.15116492773111115,
      "stddev": 0.018317564073045186,
      "median": 0.14359383212,
      "user": 1.9009757844444444,
      "system": 0.01566025555555555,
      "min": 0.13597553062,
      "max": 0.21104347362,
      "times": [
        0.16611800262,
        0.21104347362,
        0.15727713962,
        0.15299220162,
        0.13597553062,
        0.14089977362,
        0.15944953962,
        0.14154714762,
        0.13842000362,
        0.14298255562,
        0.14357052962,
        0.13793524762,
        0.14726700262,
        0.17425670462,
        0.13996479262,
        0.14361713462,
        0.13851265262,
        0.14913926662000002
      ],
      "exit_codes": [
        0,
        0,
        0,
        0,
        0,
        0,
        0,
        0,
        0,
        0,
        0,
        0,
        0,
        0,
        0,
        0,
        0,
        0
      ]
    }
  ]
}
