command,mean,stddev,median,user,system,min,max
python3 main.py --pattern ATGA --file Sorangium_cellulosum_19lines.fasta --algorithm brutefoce,0.14428271676421056,0.007762717413872528,0.14184142108000003,1.8956718242105257,0.01568382315789474,0.13426794108,0.15647073008000004
python3 main.py --pattern ATGA --file Sorangium_cellulosum_19lines.fasta --algorithm aho-corasick,0.15379117876181822,0.019477569190520575,0.14360208808000002,1.8833273218181814,0.018084021818181816,0.13058279608000004,0.18889659508000003
